"d00871dc-c805-47e2-b147-c89e9f634903","schema:about"
"fb6b6a77-b875-4c30-9b8a-d4b52c1ab2fa","schema:acceptedPaymentMethod"
"b5ce29fe-a4de-4d3c-bd88-4bb4b15934a2","schema:acceptsReservations"
"0e612071-01af-4603-8eb7-223b43e7cdda","schema:accountablePerson"
"abf7fcfb-dbbd-404c-8da1-57372c7797de","schema:acquiredFrom"
"0130f7e8-4c79-4385-bf05-f1dad61c8190","schema:action"
"bcc89408-bbc5-451a-bf44-88329bca8799","schema:activeIngredient"
"b1174393-51ac-4e09-8496-ad8b1a0814f2","schema:activityDuration"
"154f48eb-081f-4922-93e5-7bf161172a21","schema:activityFrequency"
"b658ee89-48ce-4a82-aedc-133ad91217b0","schema:actor"
"e14f0d6f-4f0b-48a2-9f2f-8a906bda1b93","schema:actors"
"dae47bc2-ce62-4de1-80e9-0637a9a4470c","schema:additionalName"
"3901ac1a-e523-4602-b308-16fd64dc5d30","schema:additionalType"
"2fb7ae37-6df7-449a-a354-ff8629549f99","schema:additionalVariable"
"04e55398-aeb7-447b-b038-2dce87359050","schema:addOn"
"13cc7134-a4d7-440d-ba4f-d80e35885f55","schema:address"
"4420835e-06d6-42f9-bd26-1840f847e73d","schema:addressCountry"
"0432fb6b-6e27-4077-85ae-b6e00bf23ded","schema:addressLocality"
"ddc5ee5e-8798-43b7-b0f2-251d7440c43c","schema:addressRegion"
"b1d46c99-9a1f-4512-829c-b2722fb8aa35","schema:administrationRoute"
"3f9db394-f526-44c6-adbb-cf662f3ed9c9","schema:advanceBookingRequirement"
"66d36b41-c25b-4ad7-9576-379e1b129f96","schema:adverseOutcome"
"1aafd446-20a3-4cd6-b455-d39f889582dd","schema:affectedBy"
"266e9ddc-5f65-42f9-a0eb-17301ef83167","schema:affiliation"
"cb4372e9-bce9-48c3-ac72-896dfbe16f5e","schema:agent"
"91bf4aa5-5231-4eff-be57-844466f31f2a","schema:aggregateRating"
"aceac94e-d6f9-4398-9ab8-18c7af7ff104","schema:album"
"bc07028e-c91e-43a1-8628-ae8fc6f649ed","schema:albums"
"eac205bf-dd5c-4623-a08c-7f9faee52acb","schema:alcoholWarning"
"af9042b0-802a-4938-a0a7-eedc9941cbc1","schema:algorithm"
"7c0a8ace-9a8f-41d5-ace0-80d17f54f063","schema:alignmentType"
"776dbdb8-ab87-4733-8def-9a73b823ecaa","schema:alternateName"
"d3cdaf3c-036b-408e-9085-162efa84b4e3","schema:alternativeHeadline"
"faf46286-4b81-433b-9350-7eccd9b897ae","schema:alumni"
"35aa5d18-e940-4c37-b853-aac286b27d4e","schema:alumniOf"
"9c070c81-a8b4-4764-aaf2-c44f71ff18bd","schema:amountOfThisGood"
"b38f23a8-e2fd-45a1-a521-da3039333c55","schema:antagonist"
"e02b199d-9a95-43d1-be55-caf9c5e5724b","schema:applicableLocation"
"dcd458c8-7290-4982-abf8-549f37bbdfbb","schema:applicationCategory"
"1dd455e3-4861-461e-adbf-efbcdf5a6b5a","schema:applicationSubCategory"
"9a061867-b827-4ecb-ac0b-afe4b1468e9f","schema:applicationSuite"
"5e64a51c-4d1f-4b0a-ab6c-575d1cc37114","schema:appliesToDeliveryMethod"
"d164482a-ac5c-4b46-b44f-4f1052e9ef99","schema:appliesToPaymentMethod"
"ca8e8ee7-70e7-46af-ad6c-a579f396092b","schema:arterialBranch"
"9906607a-e17c-40c4-9613-8edfadd65e15","schema:articleBody"
"9d64ed12-a72a-46f6-8d33-53efd5e76a96","schema:articleSection"
"faee7849-001f-4551-bf0e-6c6e937f105f","schema:aspect"
"12ca3950-2f63-4cd2-968c-8d8651adfe9e","schema:assembly"
"345557fa-2da0-4704-864a-61867deafbe5","schema:assemblyVersion"
"d5aa182d-f257-4438-baf6-2826326b1be0","schema:associatedAnatomy"
"c20fc906-db86-40b8-81ec-50813c9f4754","schema:associatedArticle"
"e38c1393-d9c8-4369-a4b6-87fa5a71d8b6","schema:associatedMedia"
"a4d084ca-ba89-4aeb-a9e5-a3b652bd841a","schema:associatedPathophysiology"
"9b8de959-cb38-46cd-8381-72c56ab8b3c8","schema:attendee"
"0d1e5779-8cfa-472e-afc8-a51b314a0439","schema:attendees"
"d6fc591d-fa59-4b55-87a8-0895f24ef3c9","schema:audience"
"f0ccddea-3f08-4a20-9541-b8feec93ea05","schema:audio"
"029678b7-8558-4800-8d13-d5f86b3adccf","schema:author"
"c935d7d4-021f-4bff-ab37-fe43056b34e3","schema:availability"
"aed584ca-b49e-48ea-a8f6-d8c13684d1bc","schema:availabilityEnds"
"20365914-ffeb-4c30-906f-61f23b616fa2","schema:availabilityStarts"
"53214cdb-0da8-40c7-b246-bd4bde17e919","schema:availableAtOrFrom"
"e500abf8-bda8-48cb-85e7-a869afa529d6","schema:availableDeliveryMethod"
"eaec29d4-72d8-49d2-8638-6b83e2909db5","schema:availableIn"
"038608e3-83fa-4003-847d-64c793f15cc3","schema:availableService"
"59b9305a-660a-45fd-89f5-e292bf916c64","schema:availableStrength"
"09e21f23-e691-4296-a42c-3c2a1dfeab3c","schema:availableTest"
"267997aa-46a1-4fb8-bc8e-7591568b21a7","schema:award"
"00dac9d5-5cb1-473d-95dd-894088bc947a","schema:awards"
"99476cfa-0bbb-4e7f-ac4d-1c22c4db89fa","schema:background"
"7ec49417-a7ba-410d-ac90-be93410dbd9d","schema:baseSalary"
"166897ce-ef13-4fdf-b62e-73d2222d99d5","schema:benefits"
"a3b1dd6b-695e-42fc-b83a-d932035e8696","schema:bestRating"
"c7c9a1dc-4dcc-4ed7-ab7a-ac8376cb97ab","schema:billingIncrement"
"d06d3d78-d310-414e-9317-9e825bddf284","schema:biomechnicalClass"
"3cfaa7b9-231d-4296-84a8-55cb461322f2","schema:birthDate"
"8991505e-5c9a-4052-9e3b-99cca79d0082","schema:bitrate"
"0ed92d5f-9c12-4669-9807-4851bcce1c22","schema:blogPost"
"7621efda-8c24-40a3-8f03-2693ceb75977","schema:blogPosts"
"c652e011-4bdd-4d2f-b08f-09dd1a8eb259","schema:bloodSupply"
"0b32211b-5620-41b3-a752-da992eac43e7","schema:bodyLocation"
"32b275ae-5686-4d23-a905-35572cd674b9","schema:bookEdition"
"49457dcc-4b4c-460b-9568-7f35fc3e1a22","schema:bookFormat"
"86fe4647-2f50-4fe8-b59a-b7ed58af7ad5","schema:borrower"
"8a7eb0e0-5724-4f79-a783-f9f828c3fc1d","schema:box"
"1bf1e976-e5a2-4fc5-8b4d-43a247847c19","schema:branch"
"972b006e-0688-45a5-b44a-3b4fdf3587c6","schema:branchOf"
"a3270bb5-1bc2-43dd-87c8-8baa7ac23ed2","schema:brand"
"841fa7ce-6343-4438-9ed8-8777271e3252","schema:breadcrumb"
"6cdad9a7-be24-4da3-918d-ab0e4cc1b7b2","schema:breastfeedingWarning"
"c5599033-955e-426f-94e2-396edf792d88","schema:browserRequirements"
"0297f681-972e-41c6-819b-b89993e1039c","schema:businessFunction"
"95f9ef56-e8aa-42f2-afc4-32e45c05610b","schema:buyer"
"31f9bf2b-dd71-412b-822e-44419d96ef7e","schema:byArtist"
"862cdce6-7fcd-4639-9e3b-f110ac5e70a2","schema:calories"
"de904b35-4b35-4d41-af4f-c01e26d5c4a6","schema:candidate"
"abac51e1-f465-4210-a9d6-a0dbc77f399f","schema:caption"
"b6d8127b-8fb5-4082-86e3-c54dee3eefed","schema:carbohydrateContent"
"61008616-f984-45a3-a6ba-47c107258a16","schema:carrierRequirements"
"f205521f-9f41-4ca3-bf96-18b51cabd57f","schema:catalog"
"ee7a974b-a426-47b2-8351-fe2f07764ba9","schema:category"
"08d04ffd-41dd-4054-95bd-97ac5be46432","schema:cause"
"576bcc85-832b-4639-8dec-abb44652dda5","schema:causeOf"
"f1c76f4e-0f45-4b4f-bb08-484ed561cc0d","schema:childMaxAge"
"c2ba57b3-b4d9-4f9d-bfb5-375043296c51","schema:childMinAge"
"707952e1-a6b2-4724-b01a-d25e3cc55920","schema:children"
"f60f44c2-2f71-409f-8558-82069fec7fd4","schema:cholesterolContent"
"575309fb-69c1-45e0-bf16-587b26e4c99c","schema:circle"
"19f000c2-6f3a-4d78-98bf-52edbeb7b5e4","schema:citation"
"a40add1a-8911-441e-b65e-42282610cbc8","schema:clincalPharmacology"
"56e79de5-466d-4528-9fed-7930d7fecd81","schema:closes"
"734ab0d0-20e4-453f-8504-637369abb7bf","schema:code"
"ba07e81e-e091-4ac8-9af2-bda6f9a3919c","schema:codeRepository"
"3cfc958d-8088-4e06-8d33-7a8c287ec448","schema:codeValue"
"07358b90-f2bc-4609-a4c4-b1af76b8bd5a","schema:codingSystem"
"9a044f4e-521a-461e-b3dd-1b3905813e69","schema:colleague"
"68592781-d9e8-4d47-9d08-16840628f6b9","schema:colleagues"
"6e3af48f-14a7-4c11-bcca-710dc7642049","schema:collection"
"e8a13ff3-941f-4b6f-8a27-ca2e6212571f","schema:color"
"af8ef21e-7c08-4cb5-849d-51073de8e47d","schema:comment"
"7ac9f28d-d378-431d-b172-beab40d0c930","schema:commentText"
"a4bc3fee-8752-4566-8b40-db1242b132da","schema:commentTime"
"2308fc69-a0a2-4a52-84dd-1f8f49ad7b71","schema:comprisedOf"
"fcbdeb86-7356-4e86-9899-c4829ba2c388","schema:connectedTo"
"24b6fdbe-e866-48c6-963d-5705def54cfb","schema:contactPoint"
"dca59b99-8fb6-4b71-ad9b-e698d1af59bc","schema:contactPoints"
"8cd961b9-6ce8-4cca-91fe-fd1015137000","schema:contactType"
"cb4d64c5-0e88-4d42-9e2b-b5c308997070","schema:containedIn"
"a51fecbb-2420-46e8-83a8-e077fe350553","schema:contentLocation"
"2514e60d-3b8f-4d46-be1b-fd46469acf3b","schema:contentRating"
"5681ca09-c8d5-4be0-af68-498c494830e2","schema:contentSize"
"e20ac69a-c2d6-4311-95d7-383893a3c793","schema:contentUrl"
"79a6d66e-b688-49de-b6b2-84da6283ab7a","schema:contraindication"
"2b8eac31-1854-4d44-b171-0d358bb6dc21","schema:contributor"
"8881bc83-7f9d-4454-9b97-85574d526696","schema:cookingMethod"
"8f61c67a-3a76-4333-8c73-791a84994807","schema:cookTime"
"aa57f3bd-dd12-4f55-bbe1-e9c029d5e502","schema:copyrightHolder"
"e9690208-410a-40c0-8954-0648944a1e15","schema:copyrightYear"
"90e13869-7387-480e-a3f3-cf2cfd1d8014","schema:cost"
"6c29f74d-dee3-4f63-9c68-f19d115d0cab","schema:costCategory"
"ab591dfd-8e4c-480f-94a6-09f43b8f5ac0","schema:costCurrency"
"e755fc0e-4c5c-4455-b8b3-80644925ef97","schema:costOrigin"
"db415918-5f13-4a9a-abe3-3b6b773a1464","schema:costPerUnit"
"b86cdce3-9fb8-4c3b-bb5f-e72ffbdb9043","schema:countriesNotSupported"
"e4247152-60f2-4aa8-94bd-2703f219aae0","schema:countriesSupported"
"8bb9b5f8-0d28-4bab-8276-1b97ed8a98df","schema:course"
"7390baf1-7f79-4db7-8031-1460efb14ea7","schema:creator"
"37dd76d6-95ff-4cfc-9c8c-84e8c1cd0d85","schema:currenciesAccepted"
"5edc1d4c-e7d9-4880-afd9-f8e3c442af8b","schema:dataset"
"d5a947ab-43a2-47ea-9bf2-564157e7e01b","schema:dateCreated"
"92c199bf-f040-4669-bead-046702d0925d","schema:dateline"
"75584bc1-dec0-4870-b8c9-e511b5d21a47","schema:dateModified"
"81eb6428-4f36-4045-a24b-b0caf6a19dae","schema:datePosted"
"b94d17a0-e06d-4d95-bb27-14b92266997c","schema:datePublished"
"26de9c84-f57d-4cba-af72-bb12f0175937","schema:dayOfWeek"
"29543ae9-2336-4f8e-b60c-313de9e5f3fa","schema:deathDate"
"3948df4d-c52d-4672-91d0-61d518fc8d0d","schema:deliveryLeadTime"
"754a67c8-301c-4a1f-b23e-8e642130ba9f","schema:deliveryMethod"
"d20b7802-3afb-4443-9bc1-5cb4a003ef98","schema:dependencies"
"8596fb3d-7ddc-444c-8be4-c9b1ebac37c5","schema:depth"
"c79c9ec5-2efc-4491-829e-659f69959ca2","schema:description"
"d8520b56-5f89-42e1-8b9d-f7f24538663a","schema:device"
"39aedc4e-f1a6-4782-bfee-c9ae880c2958","schema:diagnosis"
"19f5a671-6aa4-4939-bb5b-fc619472261f","schema:diagram"
"6b29091a-68be-4a6a-b6b3-28c91b70f106","schema:diet"
"7b9526e2-0e99-424c-91fa-e6230f647466","schema:dietFeatures"
"5631af03-22f1-43b8-9c11-863cc5ad882d","schema:differentialDiagnosis"
"88ef0798-b8db-422d-a91f-a098e38576a3","schema:director"
"611dbfc3-2dab-46be-864b-6de92051a4d9","schema:discusses"
"ab48ed9a-c238-4847-8be9-70cf467998c6","schema:discussionUrl"
"4d64acb9-9e48-46b8-bc7f-57068aed306b","schema:distance"
"ff1de28f-5dfc-485c-8ad7-f8373f8e6434","schema:distinguishingSign"
"922469ee-8e24-4ae6-b59e-5d86bc863dd9","schema:distribution"
"8b89b148-75d2-447a-91c0-2025bb0d377e","schema:domainIncludes"
"0fd38fc5-641f-44c5-8f8a-2d65737b223f","schema:dosageForm"
"97461e0e-ef71-47bb-92da-3addff033913","schema:doseSchedule"
"b5f6e9f8-90a9-42ce-ae20-ef341736cd49","schema:doseUnit"
"c9ef3586-4c96-4f9d-84f5-19220b853d4e","schema:doseValue"
"274a5b97-caf6-4f4a-8a52-04f90a977466","schema:downloadUrl"
"e3bda3c7-391b-4ce7-89c5-c6e53e66c0e8","schema:drainsTo"
"1f7499a6-4412-4449-99d4-39628ffce098","schema:drug"
"aeaf509b-f6c4-4e0e-834b-bf9742ba6291","schema:drugClass"
"17472412-a9c5-4d45-b667-5d7ad696cfd2","schema:drugUnit"
"c8b99048-06ab-4ae8-a493-86c941b325a1","schema:duns"
"b106a63a-1c83-402e-a71e-140da1af59d8","schema:duplicateTherapy"
"a49c6a07-f21c-49ac-9f0b-52a7419feef0","schema:duration"
"35f0ffd1-af1f-4c88-9ce9-872c8712c202","schema:durationOfWarranty"
"fa5cdeda-8e49-41a7-891f-c499c6613b1e","schema:editor"
"a0531fbb-77e4-4dfa-8a90-2acb0b85008a","schema:educationalAlignment"
"073e37e5-76f5-4b02-af0f-7ae651796637","schema:educationalFramework"
"2ff5cf5c-cd66-40ee-b0df-dc860af9df63","schema:educationalRole"
"a5a6c3cc-3ac2-4f19-abda-72bb1c2156dd","schema:educationalUse"
"fd832b5e-cbd5-4b8d-836d-b51283af90c2","schema:educationRequirements"
"2056a682-0fb6-4745-82cc-6ef5b47c6c44","schema:elevation"
"52fa0273-e903-41fd-ac10-e080a9dba364","schema:eligibleCustomerType"
"e67704b2-cdb0-4014-9060-881408331776","schema:eligibleDuration"
"21b2d150-2a32-4e03-8004-1d3c682d92af","schema:eligibleQuantity"
"401a23fb-d3db-4bd0-8489-5001ae855662","schema:eligibleRegion"
"0242e212-c8a4-425b-a54e-b3d79c9dcda0","schema:eligibleTransactionVolume"
"6bac421e-23d3-4870-8369-b5205b847ee8","schema:email"
"d43b208a-af14-4e84-b53c-c8ee2d9e475c","schema:embedUrl"
"39b333c2-9a6d-41fd-8d39-9ad2cca57373","schema:employee"
"d91ab640-bb1e-4da7-9f24-97eedb2f5bc2","schema:employees"
"0081ec6d-2788-4558-85b1-baabc322b3b5","schema:employmentType"
"ba6d48b9-8b8a-4bd1-9ad0-824b44e0891e","schema:encodesCreativeWork"
"7ffe5f48-37c5-4519-90b7-c290616b64ba","schema:encoding"
"3ad3f907-7aaa-4f76-9146-544797c79f67","schema:encodingFormat"
"9847fd46-dfe5-4e4d-82cd-2bf6baa86604","schema:encodings"
"35599799-d8a9-4972-91f3-d21272c26077","schema:endDate"
"a0465aec-cb10-47e9-b059-333041335414","schema:endorsee"
"1e185963-52fe-4afa-be5e-90851bff97dc","schema:endorsers"
"fbd07b6a-249d-4e6f-a87f-8bfdc8002287","schema:endTime"
"a74a196b-9475-4cbd-b302-5d475bf906b3","schema:entertainmentBusiness"
"6810bfba-449e-4919-bd28-c571dd7c6ef3","schema:epidemiology"
"b13c6b71-4eca-4577-98d3-6f3e6ce323ae","schema:episode"
"17d9d537-bdf3-48c4-a167-292e50333617","schema:episodeNumber"
"89b49f17-8062-41d7-a033-04c3c69a6bfc","schema:episodes"
"2107eeda-421c-41d3-b956-504df903577a","schema:equal"
"73c53c75-5d71-4d99-8aba-8c443b9be409","schema:estimatesRiskOf"
"b2d1ec9e-222f-44d0-a5c5-036b654fbce2","schema:event"
"7e6a76ea-960d-4692-858e-2f9c5fe28a06","schema:events"
"e17c9e33-f796-452c-a6fc-f22cb348629c","schema:evidenceLevel"
"cf40bb19-a22a-4269-83ee-2432f60ce26d","schema:evidenceOrigin"
"8daf37ed-0280-4806-9e1d-2d9afdf1fe86","schema:exercisePlan"
"d1feb76b-8ad9-47c4-82d2-29f18414a36f","schema:exerciseType"
"2fa76eba-1b31-48a6-bd35-c5226a5fe901","schema:exifData"
"2bafbe2b-ef72-47f8-a196-56792d64c9aa","schema:expectedPrognosis"
"c402dafe-dce3-4aa1-9ed7-ba766514a7ec","schema:experienceRequirements"
"74f5765f-ae01-432e-84ca-8877a39b82a9","schema:expertConsiderations"
"328e8cda-e6a7-4d49-9c03-6d22d46b2208","schema:expires"
"1ed23195-8efd-4315-8d9b-33c2efc7fc8a","schema:familyName"
"2795cdef-98d7-4bb8-a855-b40c3325cbdd","schema:fatContent"
"7b9c1a4e-1deb-4536-943d-0525e5fcb3af","schema:faxNumber"
"654ff18f-fc4a-4cbd-a157-fde957301493","schema:featureList"
"d351e7d5-e073-4497-b0a1-15e21136e344","schema:fiberContent"
"d45adb1d-fa96-46ff-b6e0-fc024d06604a","schema:fileFormat"
"8ca0e869-950b-4e44-bfdc-d59dadf5044a","schema:fileSize"
"bf873f66-1871-4929-aff2-018e9a1e1c9a","schema:followee"
"6d815939-81a0-404a-8d83-5695a079e7ac","schema:follows"
"8b9713cd-8c4e-4b4b-b5b5-5147ed97ed0e","schema:followup"
"49d7c0e2-8943-4903-9fdc-805c13df434c","schema:foodEstablishment"
"f0a5cb1d-c677-484b-8f0b-458c08aad9f4","schema:foodEvent"
"da8d0efe-4485-40b5-8fe8-a8c3403767fc","schema:foodWarning"
"18e21b5a-f18f-4a06-b0ea-7566f990250b","schema:founder"
"45a48ff6-0c10-4ebb-9813-c10e774ec076","schema:founders"
"b141de99-a26b-4db8-8093-e96e22639faf","schema:foundingDate"
"b3a2931f-f751-4285-a5ea-e297233a9804","schema:frequency"
"5bdbe411-70b3-418a-b983-da6eefec6e06","schema:fromLocation"
"0641385c-25b5-40ad-b5d3-89524c302a2c","schema:function"
"ea3161e7-aa69-4fac-bb00-5d20829e5d1a","schema:functionalClass"
"5aa798b3-0948-40e1-bbd2-96083af0edce","schema:gender"
"4d81ded6-81b7-42c9-a050-e862798093fe","schema:genre"
"363e234e-09e3-4b7c-a7d1-c5541ae7373e","schema:geo"
"47c36607-5d5f-415f-beda-e411fc3ec19f","schema:givenName"
"cee84158-96c0-4b3e-9a9e-dc264dd022fa","schema:globalLocationNumber"
"fbf60f77-b94c-4003-84ea-95a5f46267c2","schema:greater"
"313301af-ea3a-43f8-97b1-6bf27b7fb6e6","schema:greaterOrEqual"
"fdc2814a-0673-4546-9b17-3290d29e0194","schema:gtin13"
"bb20487d-1352-4493-9d3a-40e1e7105037","schema:gtin14"
"718fc45d-8f2d-4681-befc-3e02c9602617","schema:gtin8"
"1572dba9-234f-4af2-b028-8fae9e6a8d8b","schema:guideline"
"1e2bac5f-35a4-404d-b202-be94db97d795","schema:guidelineDate"
"e5a018be-6219-40a0-b029-2036d77e9713","schema:guidelineSubject"
"6672122d-4b2b-4639-aa00-ab3397965a9f","schema:hasPOS"
"14b81458-2caf-4109-9823-3fecea2da411","schema:headline"
"fec9a56b-024f-4475-a092-bcf311208c97","schema:healthCondition"
"d582e82c-7df2-42e5-a72d-7315009a5f6f","schema:height"
"86351f9d-bb8d-4360-8c62-de24c763e78d","schema:highPrice"
"6aa0c4ff-a6ce-454c-880d-caaeb239ac5e","schema:hiringOrganization"
"456fa836-c523-4118-a3db-33372e2d7b53","schema:homeLocation"
"c12b6dd3-cef4-4c0f-adfb-d52d09589450","schema:honorificPrefix"
"a6f843d7-b7a3-41de-95de-ebe4f0b8316a","schema:honorificSuffix"
"3a4d4861-067c-4b4e-a9f3-ad14d95c821b","schema:hospitalAffiliation"
"09bc5980-3830-4fd0-8269-544773c9c49d","schema:howPerformed"
"b0ad31f6-b336-4b61-991d-c92ad14c1688","schema:identifyingExam"
"a2f09409-87ec-44cb-ba7f-b1f3515dc69f","schema:identifyingTest"
"f4231d3e-e08f-4d8f-9e88-bec51bbcab78","schema:illustrator"
"04c1b67d-88bd-4fec-94b7-1690810339bb","schema:image"
"6ee290de-626b-45f7-8bd5-d66431b6f4e5","schema:imagingTechnique"
"ee25840d-4823-41f7-b7f6-4ab5ca9222df","schema:inAlbum"
"d06a85be-4ce5-4027-a7d2-1594f3be24a4","schema:incentives"
"5f40d3f2-cad4-4546-a708-c7664cdec6c3","schema:includedRiskFactor"
"6b959558-5e8b-4786-ba14-340a8d9f6f40","schema:includesObject"
"20bfce2d-97c4-43de-a926-d75eee552de5","schema:increasesRiskOf"
"52781567-f1fe-4f3d-97b6-fe648b12598b","schema:indication"
"05d25982-743b-42c2-9eec-992829691155","schema:industry"
"5bf45dc6-5f7d-4ae3-8131-7cecbe4a60ae","schema:infectiousAgent"
"32e4c0a2-4378-4791-ae24-e20b9dc46c06","schema:infectiousAgentClass"
"3b6f9532-80e3-40e9-928d-64b98e399cc1","schema:ingredients"
"b5e68ac2-2d25-4fc8-a4c9-af0c59412f8a","schema:inLanguage"
"2a4488ba-24b7-47e5-bad3-d4c48906da85","schema:inPlaylist"
"c4ea8fb9-7db9-4408-8915-ba949685c30d","schema:insertion"
"d970c56f-bf73-4040-91ef-daeca4e96d54","schema:installUrl"
"454513b2-8ecd-4447-b590-49a2199d21e1","schema:instrument"
"23d64caf-7c11-428c-b8ca-22e4b6211eef","schema:intensity"
"4705259f-f632-47c7-be18-1541ad1b70e2","schema:interactingDrug"
"544ec544-5421-4d65-9d88-28dea12dbd65","schema:interactionCount"
"6d574032-0d26-45dc-99b7-4a489f49e4d4","schema:interactivityType"
"b5438289-deb0-4923-b6c5-ad71dc1784e2","schema:inventoryLevel"
"9c4a831e-8867-4b02-94e9-2dda104aee13","schema:isAccessoryOrSparePartFor"
"655bbbb2-dc54-4a31-92d7-f9dcd8f051b7","schema:isAvailableGenerically"
"5c1576b8-9438-4a0f-990d-beb6ff8eca0b","schema:isBasedOnUrl"
"d8108203-c899-47fd-94ae-736c25987f2a","schema:isbn"
"68b86e14-e840-4d3b-9771-40b16572814c","schema:isConsumableFor"
"3a6a3088-07d5-4636-b172-3167896044b2","schema:isFamilyFriendly"
"3ceb7c4d-1fc8-403b-bc91-d0268db4fc6e","schema:isicV4"
"33e2473e-1371-4c66-a8f9-3129572c2875","schema:isPartOf"
"59b21511-4fc4-41d9-bd8d-96069822d737","schema:isProprietary"
"a08a7393-85b3-4839-bdcb-6d19913abdf4","schema:isRelatedTo"
"91c3e33e-b1f6-49ba-b685-c69b1675fefb","schema:isSimilarTo"
"febe0224-6477-4f65-859d-f92cb2bc055f","schema:isVariantOf"
"86f117b1-4b51-432f-9030-7273f5721a4b","schema:itemCondition"
"f86db2fc-42a8-407d-8854-db1bcfd508c3","schema:itemListElement"
"e9e3c035-8ec7-4160-8ec1-a0d8fd429b03","schema:itemListOrder"
"06d63dae-7d05-42ea-8ad9-fd96c3e072a4","schema:itemOffered"
"ee98fb55-eebb-4e97-b4a0-3d6de9d6353f","schema:itemReviewed"
"13d1b1e9-d933-4e12-a2ce-64474ce5ff13","schema:jobLocation"
"254edb48-5f5b-4c23-b8fa-e43178e870e2","schema:jobTitle"
"cf7fc699-0c3e-4a07-b901-0ea6114151e4","schema:keywords"
"f74f6ec2-5179-45dd-90fe-9bd3881dd7ab","schema:knows"
"e34a3766-455c-4b0c-89eb-0676c13c0f47","schema:labelDetails"
"c08d1ac2-eb06-4db1-b4a2-a6774cb3e099","schema:landlord"
"0fdc46f4-2b6a-47c6-a461-8313bcad386e","schema:language"
"fa1a555c-6dd1-412c-8158-ac251fc18f10","schema:lastReviewed"
"af33b649-5c82-4456-8cce-089dcd0e9364","schema:latitude"
"72ca76f9-6d4f-4ff1-99de-c1feab79a6c0","schema:learningResourceType"
"7e097b28-9e02-401b-ba38-509110e1a782","schema:legalName"
"64154ef7-75ba-4eec-8451-9b9ff6eacfa3","schema:legalStatus"
"f14f7c71-34bf-45eb-b291-17c1991bcb2a","schema:lender"
"ef4469af-5bac-43e6-97d7-fec97ea67edb","schema:lesser"
"048e5b6a-5916-4e97-82ff-754c1454f6b4","schema:lesserOrEqual"
"8019cced-6a69-4ff5-b0f8-dfafc40e411b","schema:line"
"61d2b900-8548-43c3-935c-c1db79ecf7b0","schema:location"
"04f85c98-b719-4ac1-9750-d04b6bae51aa","schema:logo"
"54d50b95-096f-4eae-b718-a42f2e1134fa","schema:longitude"
"06df491f-c2ea-4edf-8f6c-6361f2a763eb","schema:loser"
"366d9316-8b91-46d8-ab30-10aa79b22e5d","schema:lowPrice"
"6d4ee911-ffdd-4f5f-8519-484d9bff6dce","schema:mainContentOfPage"
"e49aa06d-53c4-4876-8256-e07ec55899b1","schema:makesOffer"
"a773660e-37a3-48fa-b659-458dfa4aeda8","schema:manufacturer"
"c08820a4-faed-48a4-9dff-0d14f5ecac3e","schema:map"
"97fa0024-e22d-445b-85ee-c728277f01ee","schema:maps"
"76c19d3a-b32b-45cd-a215-9b8bcaaf3a4d","schema:maximumIntake"
"254b3165-c579-4042-bbcc-f02de14e6416","schema:maxPrice"
"9b861f5c-5462-4829-a46e-ae64dc9da109","schema:maxValue"
"52a08729-0c72-43bf-a7c3-518590b830ba","schema:mechanismOfAction"
"97bb047a-e25c-466b-9fb3-c78a1222fbdb","schema:medicalSpecialty"
"b86939cc-7138-48ed-9d25-2ace6722344c","schema:medicineSystem"
"db90f74d-fb98-4f65-ac9b-c49edc8fcef9","schema:member"
"c0757959-b414-45e1-bc1c-ce7668a13241","schema:memberOf"
"b44f88fa-9d08-4e68-9eb6-846168b12ef8","schema:members"
"145b8d8b-ae93-4dac-b35c-c370f542e160","schema:memoryRequirements"
"c0e85823-70b2-4a9f-9c0e-29db301d5fcf","schema:mentions"
"4042cc02-84ec-4b5d-9fe6-08ca7203e008","schema:menu"
"02cdb80a-57a9-4283-8af7-24bcf695024d","schema:minPrice"
"947d5d63-7b1c-4546-b75e-563964e2c5eb","schema:minValue"
"f773fd4d-a2c8-4ce4-bff7-adb64a7d3ff6","schema:model"
"dde23263-4dc0-43c5-8f22-bf6d2b1bca1b","schema:mpn"
"d1562351-929c-49ec-a033-bbbffe248e6b","schema:musicBy"
"594c1570-d31a-45e2-a591-6fbbaf7304a8","schema:musicGroupMember"
"d24e0493-74c4-48ea-8210-97ab27ae9ec6","schema:naics"
"65125012-ae89-4486-98ae-bfb284300ef3","schema:name"
"b7a19fb3-cb8f-4cef-938d-7cf5f0209d87","schema:nationality"
"8a79f8e0-341d-4785-8248-1961c0e929a6","schema:naturalProgression"
"02b5ca60-a153-48f5-99e9-755e58de3b71","schema:nerve"
"137d522e-843a-4867-9a2e-cde0697192bc","schema:nerveMotor"
"eb3f80aa-ac95-4f68-9062-8f3b7e8685be","schema:nonEqual"
"8cc5c9fb-5f44-4261-8c69-000837244b76","schema:nonProprietaryName"
"87794bee-2a05-4f35-a775-a3037eb0ea2e","schema:normalRange"
"6365c48e-cc6a-45f7-8802-426fe3cd38ca","schema:numberOfEpisodes"
"8666a20f-03e6-4a81-bad1-6299c9a37bde","schema:numberOfPages"
"3012e802-9760-4864-87eb-a54ee5297176","schema:numTracks"
"fe0fe70f-d13a-49e3-8a23-59975478655a","schema:nutrition"
"e8e77991-8011-44a4-988f-fbe9aa255314","schema:object"
"f06b019b-6320-4fc3-877c-1fcce755048a","schema:occupationalCategory"
"7687e7c5-5bf2-4b28-9b37-4b46cefc4b48","schema:offerCount"
"d0c348b4-33c8-46a4-87a1-632b6f0e3948","schema:offers"
"dadcf968-257c-413a-b115-8011bcb6a70b","schema:openingHours"
"76e47c34-5ef6-4139-ac22-953334bdd5b1","schema:openingHoursSpecification"
"f69d9375-799c-48a9-9ff3-07f3c2515c26","schema:opens"
"a75aaf61-655b-4a89-9d25-577bdfe4833e","schema:operatingSystem"
"464b6721-f87a-44c1-9dab-154f34bf6d34","schema:oponent"
"bfd7f620-802d-4c5d-9bed-fbef29a706d8","schema:option"
"b3dab9d5-595f-4dd8-bfa1-675b12ea9ac3","schema:origin"
"4c82dce1-a7f2-4767-b0eb-7eefe556ffcd","schema:originatesFrom"
"2bb4e0cd-fa6a-4572-82ab-3ff7b6670e46","schema:outcome"
"64dca451-def9-434a-94db-3f62dc083c09","schema:overdosage"
"afa1940c-37ce-472f-971c-8d978c53c5f3","schema:overview"
"ac42b47c-0327-433f-b5cc-bba9ee726527","schema:ownedFrom"
"3908514e-22a0-4e07-a24a-3ff1a46dd4e4","schema:ownedThrough"
"dea77d1b-bda0-4d9d-8449-848597dc64ab","schema:owns"
"5bc56577-fef6-4c6a-b2ff-282117a81372","schema:parent"
"61b2d89b-1bde-4725-94ba-0850093b2164","schema:parents"
"35ba3244-954f-4d3e-a300-1fcf831e6d36","schema:participant"
"5ac9b792-d746-4305-9555-82e0ede45d75","schema:partOfSeason"
"965fed57-36db-42f7-8a21-b1277ee9ac0a","schema:partOfSystem"
"19c3adda-cf81-4734-af5f-794b4605bee2","schema:partOfTVSeries"
"12585d18-8057-4adf-ad8b-fd25b1ecf541","schema:pathophysiology"
"eb02e321-8094-4b30-b8d3-5783b86f5ece","schema:paymentAccepted"
"019f8a98-ab48-46b6-a720-89b4693ded30","schema:performer"
"fa1e706c-edd2-4e91-935d-fcf830bb84dc","schema:performerIn"
"42271483-14ac-4a22-9085-25f764210b51","schema:performers"
"59a6b0d7-b13b-4bb3-a846-a5e3cef6a9ca","schema:permissions"
"c8053ee3-3008-442f-8d64-1df46b27a52e","schema:phase"
"628ea6ee-25b9-4348-9045-57f6b6ae3ad4","schema:photo"
"899a8c93-5751-4d42-9e30-34fc397f5571","schema:photos"
"6d71d172-38ef-409b-b661-0df552c74dd8","schema:physiologicalBenefits"
"a28e7eb9-4911-4da3-9dea-94d8ecd2cd61","schema:playerType"
"9a2d46c4-8103-4785-8f86-1bf10cee26ed","schema:polygon"
"bf16602b-d108-4d6e-9154-d0b5e2da65a8","schema:population"
"4d2b38a4-19a5-41b7-8956-646b64562142","schema:possibleComplication"
"cd07a3ed-25ec-4fef-89e1-721fd3c3a3d2","schema:possibleTreatment"
"80926cee-1863-489c-a61b-76da4149d2d6","schema:postalCode"
"d499be12-eaf4-4ea6-a57a-5d2a6388ad7f","schema:postOfficeBoxNumber"
"2dcc166d-0c0c-4433-9533-4ed008fdb363","schema:postOp"
"da23203e-a069-42b8-b692-7df27a0a511b","schema:predecessorOf"
"8898c352-7b59-41d7-ada1-1ab2cd2d9e4d","schema:pregnancyCategory"
"78f903bf-c94c-4355-88df-6b1ea9aa69c1","schema:pregnancyWarning"
"32c6b34c-5492-4f1b-bbf7-7ea504b4b797","schema:preOp"
"bc16d530-f840-4ebe-a0d1-d664dfd8363e","schema:preparation"
"3ec609dd-a57e-4862-a73a-fd3a32601012","schema:prepTime"
"b7494491-2970-4113-b5ee-85ab699456bf","schema:prescribingInfo"
"266368c4-495b-4c77-b612-50efe6abd175","schema:prescriptionStatus"
"884f7f8a-a365-4afe-bb05-e8884bc983f2","schema:price"
"ef4b442b-6cf3-46ed-b822-ef6fb7e10017","schema:priceCurrency"
"0c1f6023-d887-4e5b-8588-2fe104302d2f","schema:priceRange"
"71203eb9-c818-482f-a076-ecf0cb42d906","schema:priceSpecification"
"a593218c-825d-4d97-a42c-ce1fd800753d","schema:priceType"
"7b8f059f-2282-4f21-a620-36b81606af03","schema:priceValidUntil"
"cafe2fb9-1211-497b-acf9-a832ea7a50a8","schema:primaryImageOfPage"
"2da2c32c-2eaf-41cf-a2c3-2a8a8948f29c","schema:primaryPrevention"
"35d9e933-3bb9-4cd2-9e2c-aa3e95942a69","schema:printColumn"
"33480288-ad38-4716-be5a-b3ffb09f528f","schema:printEdition"
"719a222f-98f0-425b-ac5a-f858584bbc54","schema:printPage"
"f7f63b1a-cba6-4717-8a18-f2cd6118fb6b","schema:printSection"
"15644124-2fc4-4850-a6bb-12ae2a3ca4ae","schema:procedure"
"e4e4a776-2479-44f5-bb5a-0c79dbd21bff","schema:procedureType"
"b228d885-d685-4565-8899-56adeafe23ba","schema:processorRequirements"
"173f6a1d-b35e-4fa4-8038-8e7b5fe9e1dd","schema:producer"
"e0c21838-80b0-4e3b-af46-7572ace66293","schema:productID"
"015d461e-71df-4431-83f4-bd1374d8ae13","schema:productionCompany"
"e40b8618-f9c8-4940-9afa-6a0d74fbaa43","schema:proficiencyLevel"
"f5567716-30c6-4c85-8a6b-d41606bf228e","schema:programmingLanguage"
"79642568-f3be-45ef-b096-edc35323ee1d","schema:programmingModel"
"0ff87252-0095-46f3-b590-770274cbd6e0","schema:proprietaryName"
"82862672-e168-47d6-a5ce-75b919a09d6f","schema:proteinContent"
"0f88afa9-e601-480c-a232-0f3afc6eb74d","schema:provider"
"97c8784f-c551-487d-9020-a5662c72404f","schema:publicationType"
"b6c6e29c-f1bb-40ca-8500-a8fc58f13a84","schema:publisher"
"b75fd8ab-8fad-436f-bab7-0ef8cd41c0b1","schema:publishingPrinciples"
"9f6c2ab2-23ec-4b4b-ab75-afe167539bd1","schema:purpose"
"001d49c7-b615-4515-8a9c-b0c7a5eef827","schema:qualifications"
"7dc63e72-01b6-4c0d-aadf-a89eee988496","schema:query"
"de1958f9-c50c-411f-a218-77a4f21aa958","schema:question"
"4907833d-7171-4acd-bcb6-e86997db50df","schema:rangeIncludes"
"3528d64a-7ec2-42e6-8ad4-0a72e26cc0e8","schema:ratingCount"
"b8eac852-4018-4c39-84ef-de30306db011","schema:ratingValue"
"6d6dcc38-9198-4c10-acba-7715149f6cda","schema:realEstateAgent"
"9bd6e19d-64bb-4f77-8eb0-3af8d88918c9","schema:recipe"
"9a839b24-3f3f-41a3-9788-6180bce58a70","schema:recipeCategory"
"af92a583-0f11-460a-9ba6-9a2f40ba23da","schema:recipeCuisine"
"92abdf4a-edf3-4399-9b5a-60d87e1886ee","schema:recipeInstructions"
"d5c167f9-48fa-4928-a3ac-d40daae3c068","schema:recipeYield"
"d9ae087c-ce02-463c-85be-e50d4f57aa21","schema:recipient"
"2dd7036e-35db-4e7e-8d16-028db6df0b23","schema:recognizingAuthority"
"520e399f-c2dd-4ee8-b1fc-4876df67d405","schema:recommendationStrength"
"a42d4872-f38b-412d-b909-668bd6c376c3","schema:recommendedIntake"
"4eba7d3e-4f72-4c99-a47b-d4d9ab7d1cc0","schema:regionDrained"
"d9db6549-c586-4b63-aaad-31ed6eb4390a","schema:regionsAllowed"
"a6199066-faa0-4213-a739-27b922c88d15","schema:relatedAnatomy"
"3b4156d7-e444-44ac-b82c-cc1831185182","schema:relatedCondition"
"c909d712-d984-4636-a668-b972ec73b1ad","schema:relatedDrug"
"bd5e4e5c-86e2-4673-b4d6-352c575571d8","schema:relatedLink"
"254cd77f-18fe-4d52-8be9-137a42a74464","schema:relatedStructure"
"a81c58aa-3f67-4490-9094-29aedef4140a","schema:relatedTherapy"
"57c6a72b-7de9-45dc-b0d5-4edee71ebcc6","schema:relatedTo"
"38be6dc3-fb5a-45f8-afda-4623010347a2","schema:releaseDate"
"beff3e57-6fac-4ae9-933d-26d521d84248","schema:releaseNotes"
"615aa9e8-0c0b-47b2-bad5-04704278619c","schema:relevantSpecialty"
"27d59a70-01a0-490d-a2ae-e3ab1946dfb8","schema:repetitions"
"08d3b5fc-b96b-4916-9008-a4a6844c3d2f","schema:replacee"
"5ee485a8-2648-4071-ab8f-bf5ef9d8bfc5","schema:replacer"
"fd9ffbd6-2a9b-480b-b87a-f4c175bd3eb2","schema:replyToUrl"
"f25d667b-d7ed-42e4-af88-d4de14e4e1d0","schema:representativeOfPage"
"36ca705c-5608-4b99-9901-5e750071a8c5","schema:requirements"
"4bb30e4c-3b9c-413d-b949-3a3064fa11be","schema:requiresSubscription"
"b7cb8753-9ac0-4dd3-8702-d32000aab9e7","schema:responsibilities"
"b9837528-8330-4299-ad55-457f4785000a","schema:restPeriods"
"dc45f171-d8b9-4029-972d-d08dfb1a1951","schema:result"
"e7493876-cd76-4faa-9a9b-97469a42f5f0","schema:resultReview"
"46dce114-b593-4dac-ba4e-e2cd31a02b7e","schema:review"
"8d308224-ab1c-4eb1-ac7f-f8c03cceaf12","schema:reviewBody"
"f58565d7-2a30-4781-a078-5b7335c355d3","schema:reviewCount"
"77655359-6bd7-47df-9c5d-8b35bfa0b260","schema:reviewedBy"
"08ced582-4372-4c63-bb61-0d0c22b9de83","schema:reviewRating"
"a8fd273b-c8ff-4cc9-8206-c639e9838a07","schema:reviews"
"ef8feeaf-e330-4314-8741-94febe096a03","schema:riskFactor"
"b4393a1f-8a5e-44d0-a157-8c9e0e155f79","schema:risks"
"c0034698-2561-46bc-a969-99371e3d1418","schema:runsTo"
"2db4f036-bf4e-4d59-8c9e-ea80c6ae29ba","schema:runtime"
"24ff6969-2ce2-47fd-b64c-68e2f21d6902","schema:safetyConsideration"
"eb358ed0-cfe4-43ac-bed0-42adf790bf31","schema:salaryCurrency"
"765f3edb-2651-47d2-b051-d89afbc3fd27","schema:sameAs"
"69d6b9aa-42fc-4697-bd1a-3c02f47972a6","schema:sampleType"
"1377dcff-0e71-48da-a052-82e7a7bb4bf5","schema:saturatedFatContent"
"ca97469b-23af-4d14-9268-ff67c1c0c182","schema:scheduledTime"
"f0ef4019-f9d6-4595-8c37-931488e4ee44","schema:screenshot"
"84f51806-f5a8-4536-8981-7b5ee65d5150","schema:season"
"1338ab9e-cfdd-47df-9047-25786536286a","schema:seasonNumber"
"79e68592-e01e-496e-bebf-88dac6fbffce","schema:seasons"
"5a3d6b24-f0f2-4c7e-8b82-ec4d0e8dbcc4","schema:secondaryPrevention"
"6c3869cf-5e3f-4bd7-b0b8-eb48596810fa","schema:seeks"
"5125fff8-fef8-41fa-ba3f-8ba0231af092","schema:seller"
"c0601c6a-99ab-485b-ae44-9b6fc12c3534","schema:sender"
"dfd1ebe2-f594-4695-9028-654c2b02e6cc","schema:sensoryUnit"
"2c58e883-dc3c-4fd2-9e63-f45b56f36d7d","schema:serialNumber"
"bb181941-47f5-4c28-8c10-6e1540339c6e","schema:seriousAdverseOutcome"
"a8047da0-57d0-4217-abf3-ffc3c5ea325d","schema:servesCuisine"
"ae89cee6-1ab1-44d8-852a-26695f500978","schema:servingSize"
"15c4ed94-d06d-453f-bce7-cc2e56e48219","schema:sibling"
"7d49c2b3-53c0-4bd9-901f-cf574c12d517","schema:siblings"
"af299d62-08ae-4d5c-ae1a-11be9b0bca60","schema:signDetected"
"1fbc3957-99d8-4ae6-b8c2-4c8a14f200cd","schema:significance"
"9d0fbae0-0676-480b-bc6f-3e938ae73112","schema:significantLink"
"8c19ee68-014f-46c5-9a29-bcbebcbbd95b","schema:significantLinks"
"6b99ff79-918f-46a3-9839-6bd0a8567f08","schema:signOrSymptom"
"ce1a44e1-8fda-4f3a-99e0-8d4199ea0138","schema:skills"
"a6920d19-6540-4bff-af38-98f8cd11060a","schema:sku"
"6eb7b4ec-9faa-4ebc-8335-081a84f3c251","schema:sodiumContent"
"e0423de9-993e-4031-9be4-8089135380cb","schema:softwareVersion"
"22572309-e833-45a4-a2c1-72252b2c92b8","schema:source"
"29b1c0a6-6492-497b-bba7-d3c0f9e1287a","schema:sourcedFrom"
"81cab3d0-971b-4e7d-96d3-3bcebbd2c57d","schema:sourceOrganization"
"9cb0e99d-21a5-4f6e-92e2-a2fa1024f980","schema:spatial"
"55a72696-1b48-41c6-9771-c19083948edc","schema:specialCommitments"
"b1c86da3-109f-40f4-8292-9543c2824155","schema:specialty"
"c9335af4-6170-4cb1-a96d-1bbbba967751","schema:sponsor"
"a966004d-13f3-498e-9d26-0189e02f8413","schema:sportsActivityLocation"
"71625aec-1f49-4b5d-bd0c-cc9de1b135ed","schema:sportsEvent"
"8829e012-0652-4cb3-bae5-6e376aa4e645","schema:sportsTeam"
"91c0ce7b-f608-4208-90e7-3c19d2032d58","schema:spouse"
"da27d1c6-9c61-4dd4-ac52-7dbf6001bfe9","schema:stage"
"57775ba3-86f2-40ae-a09e-96c334388476","schema:stageAsNumber"
"f697a3ef-cb3c-4781-996b-fff7f582a1f4","schema:startDate"
"89c7b0cb-e934-47c1-b6ea-29a281d86f84","schema:startTime"
"7e4af07b-b88d-45a4-afe1-37028e0f9759","schema:status"
"889b1f88-ec83-4823-8071-010751504d35","schema:storageRequirements"
"d24aa063-4f73-4db4-bad8-73ef2ce52d7e","schema:streetAddress"
"db1a09f8-76bb-40c7-ad55-897510753339","schema:strengthUnit"
"dbb4c81e-5749-4318-888d-2b2b493fcf41","schema:strengthValue"
"c2de2f8c-7643-4ea0-ac3b-48b1c3f9b4cf","schema:structuralClass"
"006ba800-411e-402c-99cc-79eea18aa8e4","schema:study"
"833bc093-e9df-41c6-a832-66212df82d90","schema:studyDesign"
"5e59783e-dc39-4e3f-b761-b7ed7e83d5da","schema:studyLocation"
"c260207d-8d65-4776-8e84-1c47461bd63e","schema:studySubject"
"d94c17c5-2063-4d7a-813e-7a7878477806","schema:subEvent"
"90a60e7b-41ec-40f3-b1eb-2d5bffd4d687","schema:subEvents"
"8824981a-7480-445b-aa4f-28d1cb96536c","schema:subStageSuffix"
"c39f0290-1214-47a6-98e7-91ed6b1c650c","schema:subStructure"
"8d0eb17e-2115-43e8-b86f-b2196fc405f5","schema:subTest"
"e8b7d422-cc19-4f56-8997-6c397de97e35","schema:subtype"
"ea6498d7-0c51-4140-824d-069c85758c01","schema:successorOf"
"0c54b0f5-ada9-4cbc-9db7-b2486ed46e9f","schema:sugarContent"
"3cb151d2-b1f9-4c4c-8c9d-d2c0c9ec357b","schema:suggestedGender"
"ad065fa8-041c-4104-986e-0cf19986c225","schema:suggestedMaxAge"
"6e7c2748-77a6-4abb-823f-dde97b1fe036","schema:suggestedMinAge"
"72c27f72-cad2-4e4e-bf93-9e0c05dfd4e6","schema:superEvent"
"d5d157ba-55b5-4cb2-a6ea-28b7d2105c9a","schema:supplyTo"
"8ec28e77-da7e-472b-aaef-76c1e1b3648e","schema:targetDescription"
"26cc874b-507c-4d24-b0f9-6c5790bd7947","schema:targetName"
"287f6df4-1247-4404-8d59-745aabd186ec","schema:targetPlatform"
"f6bf6089-8566-4f58-9c18-e4db5b264631","schema:targetPopulation"
"f466f562-d573-456f-829e-48b6b751ccad","schema:targetProduct"
"950d4b5a-6316-443b-b26e-16ac56641be5","schema:targetUrl"
"462dca6a-8110-4456-8228-fa41acd68810","schema:taxID"
"b9064a2a-e872-4172-965f-33a19effe2ff","schema:telephone"
"d5377fd8-5fd7-4919-b14f-288aff9d4403","schema:temporal"
"ffc403bf-eb8d-4549-81cc-6556eb8cb2d1","schema:text"
"0af6fa82-1f4b-4ff7-9de0-5b407de55a42","schema:thumbnail"
"03e1f8ba-705c-4cc2-94eb-e36ec8df460a","schema:thumbnailUrl"
"9bef776f-1a43-49f4-8de8-7677009f4685","schema:tickerSymbol"
"fd931cab-9324-4edb-b4e0-bd6504d44d75","schema:timeRequired"
"ecadbf55-54b4-42a6-9f26-a00760d899e5","schema:tissueSample"
"3f39061b-8608-4c40-ad25-b63e0aae2a11","schema:title"
"7959f0ec-45f8-47e7-b8bd-bdf9b2108d77","schema:toLocation"
"03008ff4-afdf-433e-b543-1f0d8452bb62","schema:totalTime"
"c1754f77-2084-495a-9439-96c2d76f3933","schema:track"
"9b8efbed-70a6-420e-8366-2e3d06c8064e","schema:tracks"
"7001a948-2d94-410a-bd6f-bb7c9aaf6b5b","schema:trailer"
"a7bd5cc5-8b97-4f52-ba0e-7f415d1c7dc2","schema:transcript"
"c779b18f-a473-418a-8ffd-28f668dd1ee6","schema:transFatContent"
"8d499731-7685-44b5-ab5e-7192d9d51795","schema:transmissionMethod"
"ddb62e09-795d-4f35-8dfc-be6cc1da09bf","schema:trialDesign"
"40c5f785-3e1d-4343-90ee-f8cbf3ab7d95","schema:tributary"
"e2759a88-9a3f-4305-8420-271b47c2abd8","schema:typeOfGood"
"04297dc4-0416-4a4f-be1f-23041967a59e","schema:typicalAgeRange"
"838a3012-b4ce-4392-83d6-cc5c186eb225","schema:typicalTest"
"c52c2863-4bb5-4309-ba97-6b79560e70dc","schema:unitCode"
"00d12e73-96ec-41af-bd50-bae52b5c9d22","schema:unsaturatedFatContent"
"1c94fc9d-ad2c-4333-a03d-eca3aa46d104","schema:uploadDate"
"1f53cb93-2e67-495c-904d-28216fd609de","schema:url"
"830a632c-2bb3-491e-b37b-ec04f90355f7","schema:usedToDiagnose"
"1f4a3b87-55c9-49e1-a3db-4f3b3fd21c45","schema:usesDevice"
"c5de4609-46ac-41fc-9369-8830c941e67f","schema:validFrom"
"64b4026a-b624-48b3-a470-cb7d95006a02","schema:validThrough"
"5e34b42d-3d7c-4c5f-bab7-cb8e3834fee6","schema:value"
"a7c67f96-0540-4e6c-8a91-7f72834ed1f4","schema:valueAddedTaxIncluded"
"1b35ed53-d591-4554-b72b-80970234b225","schema:valueReference"
"2ff1b3a0-7b41-4ad5-9819-2245e18cdc0c","schema:vatID"
"cb654c28-af9d-41ba-9c73-1f30aabcf73f","schema:vendor"
"cc7a7f78-30e2-4d70-9caf-2bf2066657a9","schema:version"
"134839bf-c8bb-4f7f-b1c5-0b86329b69fe","schema:video"
"4e9f83ac-b7e6-43c8-87cb-1bf855f0563f","schema:videoFrameSize"
"0b9b40a2-fcb8-473c-aa2a-5bd8352e2724","schema:videoQuality"
"7e13f194-5fbd-4e15-90b1-3a559225a575","schema:warning"
"147b4528-daea-4a0d-b377-e7bdf6b1f8ad","schema:warranty"
"e0c3419f-dca5-4abe-8449-f30e0d0f6632","schema:warrantyPromise"
"a9cf701a-ffca-49c4-a013-e4e131d852d5","schema:warrantyScope"
"84de7cf4-d1b3-400c-9787-e217baea6b6b","schema:weight"
"1988af0b-d0df-44ef-8a5b-75c905599153","schema:width"
"f3cbc903-e3b5-45da-b2e7-bc75a4d36781","schema:winner"
"fcb0e8f1-6b99-4747-83ed-a807307c8c5f","schema:wordCount"
"46f085ac-ecde-4ae7-b8fe-31d3dd5ba904","schema:workHours"
"7ebda41c-3470-4213-a0b2-67b769541833","schema:workload"
"76e44319-28a3-403e-b433-02fa918c130f","schema:workLocation"
"069de096-9c75-4b63-8fec-63ee5782e88a","schema:worksFor"
"220e44e5-b388-43d7-9e1c-59afe98c1690","schema:worstRating"
#grep meta:defines_predicate used_data.csv | cut -d, -f4,7 > schema_predicates_list.csv
